table_name,name,type,description,constraints_unique,constraints_required,constraints_tablular_required,format,one_to_many,one_to_one,enum
organization,id,string,The identifier for the organization. Each organization must have a unique identifier.,true,true,false,uuid,,,
organization,name,string,The official or public name of the organization.,false,true,false,,,,
organization,alternate_name,string,An (optional) alternative or commonly used name for the organization.,false,false,false,,,,
organization,description,string,A free text description containing a brief summary about the organization. It can contain markup such as HTML or Markdown.,false,true,false,,,,
organization,email,string,The contact e-mail address for the organization.,false,false,false,email,,,
organization,website,string,The URL (website address) of the organization.,false,false,false,uri,,,
organization,additional_websites,array,The details of additional websites for the organization.,,false,false,,url.json,,
organization,tax_status,string,DEPRECATED: Government assigned tax designation for tax-exempt organizations.,false,false,false,,,,
organization,tax_id,string,DEPRECATED: A government issued identifier used for the purpose of tax administration.,false,false,false,,,,
organization,year_incorporated,number,The year in which the organization was legally formed.,false,false,false,,,,
organization,legal_status,string,The legal conditions that an organization is operating under.,false,false,false,,,,
organization,logo,string,A URL to an image associated with the organization which can be presented alongside its name.,false,false,false,,,,
organization,uri,string,A persistent identifier to uniquely identify the organization such as those provided by Open Corporates or some other relevant URI provider. This is not for listing the website of the organization: that can be done through the website field of the Organization.,false,false,false,uri,,,
organization,parent_organization_id,string,The identifier of the organization's parent organization.,false,false,false,uuid,,,
organization,funding,array,The sources of funding for a service or organization.,,false,false,,funding.json,,
organization,contacts,array,The details of the named contacts for services and organizations.,,false,false,,contact.json,,
organization,phones,array,"The details of the telephone numbers are used to contact organizations, services, and locations.",,false,false,,phone.json,,
organization,locations,array,"The details of the locations where organizations operate. Locations may be virtual, and one organization may have many locations.",,false,false,,location.json,,
organization,programs,array,The details of collection of related services.,,false,false,,program.json,,
organization,organization_identifiers,array,"The details of the third party identifiers for organizations, such as: company registration number, charity number, tax registration number.",,false,false,,organization_identifier.json,,
organization,attributes,array,A link between a service and one or more classifications that describe the nature of the service provided.,,false,false,,attribute.json,,
organization,metadata,array,A record of the changes that have been made to the data in order to maintain provenance information.,,false,false,,metadata.json,,
program,id,string,The identifier for the program. Each program must have a unique identifier.,true,true,false,uuid,,,
program,organization_id,string,"The identifier for the organization which the program belongs to. Each program must belong to a single organization, and the identifier for that organization should be given here.",true,false,true,uuid,,,
program,name,string,The name of the program.,false,true,false,,,,
program,alternate_name,string,The (optional) alternative name for the program.,false,false,false,,,,
program,description,string,A free text description of the program,false,true,false,,,,
program,attributes,array,A link between a service and one or more classifications that describe the nature of the service provided.,,false,false,,attribute.json,,
program,metadata,array,A record of the changes that have been made to the data in order to maintain provenance information.,,false,false,,metadata.json,,
service,id,string,The identifier for the service. Each service must have a unique identifier.,true,true,false,uuid,,,
service,organization_id,string,The identifier of the organization that provides this service.,false,false,true,uuid,,,
service,program_id,string,The identifier of the program this service is delivered under.,false,false,false,uuid,,,
service,name,string,The official or public name of the service.,false,true,false,,,,
service,alternate_name,string,An (optional) alternative name for this service.,false,false,false,,,,
service,description,string,A free text description of the service.,false,false,false,,,,
service,url,string,URL of the service,false,false,false,uri,,,
service,additional_urls,array,The details of additional URLs for the service,,false,false,,url.json,,
service,email,string,An email address which can be used to contact the service provider.,false,false,false,email,,,
service,status,string,"The current status of the service which can be active, inactive, defunct, or temporarily closed.",false,true,false,,,,"active,inactive,defunct,temporarily closed"
service,interpretation_services,string,A free text description of any interpretation services available for accessing this service.,false,false,false,,,,
service,application_process,string,A free text description of the steps needed to access this service.,false,false,false,,,,
service,fees_description,string,A free text description of any charges for service users to access this service.,false,false,false,,,,
service,wait_time,string,DEPRECATED: The time a client may expect to wait before receiving a service.,false,false,false,,,,
service,fees,string,DEPRECATED: Details of any charges for service users to access this service.,false,false,false,,,,
service,accreditations,string,A free text description of any accreditations. Accreditation is the formal evaluation of an organization or program against best practice standards set by an accrediting organization.,false,false,false,,,,
service,eligibility_description,string,A free text description of the type of person for whom this service is intended.,false,false,false,,,,
service,minimum_age,number,The minimum age of a person required to meet this eligibility requirement.,false,false,false,,,,
service,maximum_age,number,The maximum age of a person required to meet this eligibility requirement.,false,false,false,,,,
service,assured_date,string,The date that the information about the service was last checked.,false,false,false,,,,
service,assurer_email,string,The contact e-mail address for the person or organization which last assured the service.,false,false,false,email,,,
service,licenses,string,DEPRECATED: An organization may have a license issued by a government entity to operate legally. A list of any such licenses can be provided here.,false,false,false,,,,
service,alert,string,A description of any short term alerts concerning the service.,false,false,false,,,,
service,last_modified,string,"The datetime when the service, or any related information about the service, has changed. Should have millisecond accuracy.",false,false,false,date-time,,,
service,phones,array,"The details of the telephone numbers used to contact organizations, services, and locations.",,false,false,,phone.json,,
service,schedules,array,The details of when a service or location is open. Entries are RFC 5545 RRULES.,,false,false,,schedule.json,,
service,service_areas,array,The details of the geographic area for which a service is available.,,false,false,,service_area.json,,
service,service_at_locations,array,A link between a service and a specific location.,,false,false,,service_at_location.json,,
service,languages,array,The details of the languages that are spoken at locations or services. This does not include languages which can only be used with interpretation.,,false,false,,language.json,,
service,organization,,The details about each organization delivering services. Each service should be linked to the organization responsible for its delivery. One organization may deliver many services.,,false,false,,,organization.json,
service,funding,array,The sources of funding for a service or organization.,,false,false,,funding.json,,
service,cost_options,array,The costs of a service at certain points in time. This is an LGA Extension table. This table provides a structured version of the text information contained in the 'fees' field of the 'service' table.,,false,false,,cost_option.json,,
service,program,,The details of collections of related services.,,false,false,,,program.json,
service,required_documents,array,The details of any documents that are required in order to access or use services.,,false,false,,required_document.json,,
service,contacts,array,The details of the named contacts for services and organizations.,,false,false,,contact.json,,
service,capacities,array,The details of capacities of this service. See `service_capacity`.,,false,false,,service_capacity.json,,
service,attributes,array,A link between a service and one or more classifications that describe the nature of the service provided.,,false,false,,attribute.json,,
service,metadata,array,A record of the changes that have been made to the data in order to maintain provenance information.,,false,false,,metadata.json,,
attribute,id,string,The identifier of the attribute entry. Each attribute entry should have a unique identifier.,true,true,false,uuid,,,
attribute,link_id,string,The identifier of the entity to which this taxonomy term applies.,false,false,true,uuid,,,
attribute,taxonomy_term_id,string,The identifier of this taxonomy term from the taxonomy table.,false,false,true,uuid,,,
attribute,link_type,string,"A code taken from an enumerated open codelist to indicate what the taxonomy term describes, e.g. the service eligibility or intended audience.",false,false,false,,,,
attribute,link_entity,string,The table of the Link Identifier.,false,false,true,,,,
attribute,value,string,The value (if any) of an attribute.,false,false,false,,,,
attribute,taxonomy_term,,"Each service can be categorized according to one or more taxonomy terms. The taxonomy_term object contains a list of taxonomy terms, their names, and, for hierarchical taxonomies, their structure.",,false,false,,,taxonomy_term.json,
attribute,metadata,array,A record of the changes that have been made to the data in order to maintain provenance information.,,false,false,,metadata.json,,
attribute,label,string,A free text label of the attribute.,false,false,false,,,,
service_at_location,id,string,The identifier of the service at location entry. Each entry must have a unique identifier.,true,true,false,uuid,,,
service_at_location,service_id,string,The identifier of the service at a given location.,false,false,true,uuid,,,
service_at_location,location_id,string,The identifier of the location where this service operates.,false,false,true,uuid,,,
service_at_location,description,string,A free text description of the service at this specific location.,false,false,false,,,,
service_at_location,service_areas,array,The details of the geographic area for which a service is available.,,false,false,,service_area.json,,
service_at_location,contacts,array,The details of the named contacts for services and organizations.,,false,false,,contact.json,,
service_at_location,phones,array,"The details of the telephone numbers used to contact organizations, services, and locations.",,false,false,,phone.json,,
service_at_location,schedules,array,The details of when a service or location is open. Entries are RFC 5545 RRULES.,,false,false,,schedule.json,,
service_at_location,location,,"The details of the locations where organizations operate. Locations may be virtual, and one organization may have many locations.",,false,false,,,location.json,
service_at_location,attributes,array,A link between a service and one or more classifications that describe the nature of the service provided.,,false,false,,attribute.json,,
service_at_location,metadata,array,A record of the changes that have been made to the data in order to maintain provenance information.,,false,false,,metadata.json,,
location,id,string,The identifier of the location. Each location must have a unique identifier.,true,true,false,uuid,,,
location,location_type,string,"The type of location, which may be either `physical`, `postal`, or `virtual`.",false,true,false,,,,"physical,postal,virtual"
location,url,string,"If location_type is virtual, then this field represents the URL of a virtual location.",false,false,false,uri,,,
location,organization_id,string,The organization identifier for a location. This is the organization that is responsible for maintaining information about this location. The identifier of the organization should be given here. Details of the services the organization delivers at this location should be provided in the services_at_location table.,false,false,false,uuid,,,
location,name,string,The name of the location.,false,false,false,,,,
location,alternate_name,string,An (optional) alternative name of the location.,false,false,false,,,,
location,description,string,A free text description of the location.,false,false,false,,,,
location,transportation,string,A free text description of the access to public or private transportation to and from the location.,false,false,false,,,,
location,latitude,number,The latitude of the location expressed in decimal degrees in WGS84 datum.,false,false,false,,,,
location,longitude,number,The longitude of the location expressed in decimal degrees in WGS84 datum.,false,false,false,,,,
location,external_identifier,string,"A third party identifier for the location, which can be drawn from other services e.g. UK UPRN.",false,false,false,,,,
location,external_identifier_type,string,The scheme used for the location's external_identifier e.g. UK UPRN.,false,false,false,,,,
location,languages,array,The languages that are spoken at locations or services. This does not include languages which can only be used with interpretation.,,false,false,,language.json,,
location,addresses,array,The addresses of locations where organizations operate.,,false,false,,address.json,,
location,contacts,array,"The details of the named contacts for services and organizations. Note that in the HSDS data package format, if an individual is the contact for multiple services, their details may be duplicated multiple times in this table, each time with a new identifier, and with the rows containing different service ids.",,false,false,,contact.json,,
location,accessibility,array,The details of the arrangements for access to locations for people who have disabilities,,false,false,,accessibility.json,,
location,phones,array,"The details of the telephone numbers used to contact organizations, services, and locations.",,false,false,,phone.json,,
location,schedules,array,The details of when a service or location is open. Entries are RFC 5545 RRULES.,,false,false,,schedule.json,,
location,attributes,array,A link between a service and one or more classifications that describe the nature of the service provided.,,false,false,,attribute.json,,
location,metadata,array,The metadata table contains a record of the changes that have been made to the data in order to maintain provenance information.,,false,false,,metadata.json,,
phone,id,string,The identifier for the phone number. Each entry must have a unique identifier.,true,true,false,uuid,,,
phone,location_id,string,The identifier of the location where this phone number is located.,false,false,false,uuid,,,
phone,service_id,string,The identifier of the service for which this is the phone number.,false,false,false,uuid,,,
phone,organization_id,string,The identifier of the organization for which this is the phone number.,false,false,false,uuid,,,
phone,contact_id,string,The identifier of the contact for which this is the phone number.,false,false,false,uuid,,,
phone,service_at_location_id,string,"The identifier of the ‘service at location’ table entry, when this phone number is specific to a service in a particular location.",false,false,false,uuid,,,
phone,number,string,The phone number.,false,true,false,,,,
phone,extension,number,The extension of the phone number.,false,false,false,,,,
phone,type,string,"Indicates the type of phone service, drawing from the RFC6350 list of types (text (for SMS), voice, fax, cell, video, pager, textphone).",false,false,false,,,,
phone,description,string,A free text description providing extra information about the phone service,false,false,false,,,,
phone,languages,array,The details of the languages that are spoken at locations or services. This does not include languages which can only be used with interpretation.,,false,false,,language.json,,
phone,attributes,array,A link between a service and one or more classifications that describe the nature of the service provided.,,false,false,,attribute.json,,
phone,metadata,array,A record of the changes that have been made to the data in order to maintain provenance information.,,false,false,,metadata.json,,
contact,id,string,The identifier for the contact. Each contact must have a unique identifier.,true,true,false,uuid,,,
contact,organization_id,string,The identifier of the organization for which this is a contact.,false,false,false,uuid,,,
contact,service_id,string,The identifier of the service for which this is a contact.,false,false,false,uuid,,,
contact,service_at_location_id,string,"The identifier of the ‘service at location’ entry, when this contact is specific to a service in a particular location.",false,false,false,uuid,,,
contact,location_id,string,The identifier for the location of the contact.,false,false,false,uuid,,,
contact,name,string,The name of the contact.,false,false,false,,,,
contact,title,string,The job title of the contact.,false,false,false,,,,
contact,department,string,The department that the contact is a part of.,false,false,false,,,,
contact,email,string,The email address of the contact.,false,false,false,email,,,
contact,phones,array,"The details of the telephone numbers used to contact organizations, services, and locations.",,false,false,,phone.json,,
contact,attributes,array,A link between a service and one or more classifications that describe the nature of the service provided.,,false,false,,attribute.json,,
contact,metadata,array,A record of the changes that have been made to the data in order to maintain provenance information.,,false,false,,metadata.json,,
address,id,string,The identifier of the postal address. Each postal address must have a unique identifier.,true,true,false,uuid,,,
address,location_id,string,The identifier of the location for this postal address.,false,false,false,uuid,,,
address,attention,string,"The name of the person or entity whose attention should be sought at the location. These are often included as a ""care of"" component of an address.",false,false,false,,,,
address,address_1,string,"The first line(s) of the address, including office, building number and street.",false,true,false,,,,
address,address_2,string,A second (additional) line of address information.,false,false,false,,,,
address,city,string,The city in which the address is located.,false,true,false,,,,
address,region,string,The region in which the address is located (optional).,false,false,false,,,,
address,state_province,string,The state or province in which the address is located.,false,true,false,,,,
address,postal_code,string,The postal code for the address.,false,true,false,,,,
address,country,string,The country in which the address is located. This should be given as an ISO 3361-1 country code (two letter abbreviation).,false,true,false,,,,
address,address_type,string,"The type of address which may be `physical`, `postal`, or `virtual`.",false,true,false,,,,"physical,postal,virtual"
address,attributes,array,A link between a service and one or more classifications that describe the nature of the service provided.,,false,false,,attribute.json,,
address,metadata,array,A record of the changes that have been made to the data in order to maintain provenance information.,,false,false,,metadata.json,,
schedule,id,string,The identifier for the schedule. Each entry must have a unique identifier.,true,true,false,uuid,,,
schedule,service_id,string,The identifier of the service for which this is the regular schedule,false,false,false,uuid,,,
schedule,location_id,string,The identifier of the location for which this is the regular schedule,false,false,false,uuid,,,
schedule,service_at_location_id,string,"The identifier of the ‘service at location’ table entry, when this schedule is specific to a service in a particular location.",false,false,false,uuid,,,
schedule,valid_from,string,"The date from which the schedule information is valid. It must be in the ISO 8601 format of YYYY-MM-DD,",false,false,false,,,,
schedule,valid_to,string,The last date on which the schedule information is valid. It must be in the ISO 8601 format of YYYY-MM-DD.,false,false,false,,,,
schedule,dtstart,string,"iCal - The date of the first event is the schedule. Necessary when using the ‘interval’ feature, optional otherwise.",false,false,false,,,,
schedule,timezone,number,"The timezone that all dates are expressed as, expressed as a UTC offset. Dates are assumed to be UTC otherwise.",false,false,false,,,,
schedule,until,string,iCal - The date of the last occurrence of the recurring event.,false,false,false,,,,
schedule,count,number,"iCal - The number of times that the event occurs. Use this instead of ‘until’, if appropriate.",false,false,false,,,,
schedule,wkst,string,"iCal - The two-letter code for the day on which the week starts: `MO`, `TU`, `WE`, `TH`, `FR`, `FR`, `SA`, `SU`",false,false,false,,,,"MO,TU,WE,TH,FR,SA,SU"
schedule,freq,string,iCal - How often the frequency repeats. Values can be `WEEKLY` or `MONTHLY`,false,false,false,,,,"WEEKLY,MONTHLY"
schedule,interval,number,"iCal - How often the frequency repeats. For example, and Interval of 2 for a WEEKLY Frequency would represent fortnightly.",false,false,false,,,,
schedule,byday,string,iCal - Comma separated days of the week. Where freq is MONTHLY each part can be preceded by a positive or negative integer to represent which occurrence in a month; e.g. 2MO is the second Monday in a month. -1FR is the last Friday,false,false,false,,,,
schedule,byweekno,string,"iCal - Comma separated numeric weeks of the year, where freq is WEEKLY. Can be negative to represent weeks before the end of the year; e.g. -5 is the 5th to last week in a year.",false,false,false,,,,
schedule,bymonthday,string,"iCal - Comma separated numeric days of the month, where frequency is MONTHLY. Can be negative to represent days before the end of the month; e.g. -5 is the 5th to last day in a month.",false,false,false,,,,
schedule,byyearday,string,"iCal - Comma separated numeric days of the month, where frequency is YEARLY. Can be negative to represent days before the end of the year; e.g. -1 is the last day in a year.",false,false,false,,,,
schedule,description,string,A free text description of the availability of the service.,false,false,false,,,,
schedule,opens_at,string,"The time when a service or location opens. This should use HH:MM format and should include timezone information, either adding the suffix ‘Z’ when the date is in UTC, or including an offset from UTC (e.g. 09:00-05:00 for 9am EST.)",false,false,false,,,,
schedule,closes_at,string,"The time when a service or location closes. This should use HH:MM format and should include timezone information, either adding the suffix ‘Z’ when the date is in UTC, or including an offset from UTC (e.g. 09:00-05:00 for 9am EST.).",false,false,false,,,,
schedule,schedule_link,string,URL of a link for the schedule which may show each individual session and may provide a booking facility.,false,false,false,uri,,,
schedule,attending_type,string,A free text description of how to attend this service.,false,false,false,,,,
schedule,notes,string,Free text notes on the schedule.,false,false,false,,,,
schedule,attributes,array,A link between a service and one or more classifications that describe the nature of the service provided.,,false,false,,attribute.json,,
schedule,metadata,array,A record of the changes that have been made to the data in order to maintain provenance information.,,false,false,,metadata.json,,
funding,id,string,The identifier for the funding. Each entry must have a unique identifier.,true,true,false,uuid,,,
funding,organization_id,string,The identifier of the organization in receipt of this funding.,false,false,false,uuid,,,
funding,service_id,string,The identifier of the service in receipt of this funding.,false,false,false,uuid,,,
funding,source,string,A free text description of the source of funds for this organization or service.,false,false,false,,,,
funding,attributes,array,A link between a service and one or more classifications that describe the nature of the service provided.,,false,false,,attribute.json,,
funding,metadata,array,A record of the changes that have been made to the data in order to maintain provenance information.,,false,false,,metadata.json,,
service_area,id,string,The identifier for the service area. Each service area must have a unique identifier.,true,true,false,uuid,,,
service_area,service_id,string,The identifier of the service for which this entry describes the service area,false,false,false,uuid,,,
service_area,service_at_location_id,string,The identifier of the service at location object linked to this object.,false,false,false,uuid,,,
service_area,name,string,A free text geographic area where a service is available.,false,false,false,,,,
service_area,description,string,A more detailed free text description of this service area. Used to provide any additional information that cannot be communicated using the structured area and geometry fields.,false,false,false,,,,
service_area,extent,string,A definition of the polygon defining the area.,false,false,false,,,,
service_area,extent_type,string,"The format of the extent field  populated from an enum of  ""geojson"", ""topojson"",  ""kml"",and (for legacy systems or early state during transformation) ""text"".",false,false,false,,,,
service_area,uri,string,A URI which acts as a persistent identifier to identify an area.,false,false,false,,,,
service_area,attributes,array,A link between a service and one or more classifications that describe the nature of the service provided.,,false,false,,attribute.json,,
service_area,metadata,array,A record of the changes that have been made to the data in order to maintain provenance information.,,false,false,,metadata.json,,
required_document,id,string,The identifier for the document. Each document must have a unique identifier.,true,true,false,uuid,,,
required_document,service_id,string,The identifier of the service for which this entry describes the required document.,false,false,false,uuid,,,
required_document,document,string,A free text description of the document required to apply for or receive the service.,false,false,false,,,,
required_document,uri,string,A web link to the document.,false,false,false,uri,,,
required_document,attributes,array,A link between a service and one or more classifications that describe the nature of the service provided.,,false,false,,attribute.json,,
required_document,metadata,array,A record of the changes that have been made to the data in order to maintain provenance information.,,false,false,,metadata.json,,
language,id,string,The identifier for the language. Each entry must have a unique identifier.,true,true,false,uuid,,,
language,service_id,string,The identifier of the service for which the entry describes the languages in which services are delivered.,false,false,false,uuid,,,
language,location_id,string,The identifier of the location for which the entry describes the languages in which services are delivered.,false,false,false,uuid,,,
language,phone_id,string,The identifier of the phone for which the entry describes the languages in which services delivered.,false,false,false,uuid,,,
language,name,string,The name of the language in which the service is delivered.,false,false,false,,,,
language,code,string,The ISO 639-1 or ISO 639-3 code for the language.,false,false,false,,,,
language,note,string,A free text description of any additional context or services provided for this language.,false,false,false,,,,
language,attributes,array,A link between a service and one or more classifications that describe the nature of the service provided.,,false,false,,attribute.json,,
language,metadata,array,A record of the changes that have been made to the data in order to maintain provenance information.,,false,false,,metadata.json,,
accessibility,id,string,The identifier for this accessibility information. Each entry must have a unique identifier.,true,true,false,uuid,,,
accessibility,location_id,string,The identifier for the location of the accessibility provision.,false,false,false,uuid,,,
accessibility,description,string,A free text description of the assistance or infrastructure that facilitates access to clients with disabilities.,false,false,false,,,,
accessibility,details,string,Any further details relating to the relevant accessibility arrangements at this location.,false,false,false,,,,
accessibility,url,string,The URL of a page giving more information about the accessibility of the location.,false,false,false,uri,,,
accessibility,attributes,array,A link between a service and one or more classifications that describe the nature of the service provided.,,false,false,,attribute.json,,
accessibility,metadata,array,A record of the changes that have been made to the data in order to maintain provenance information.,,false,false,,metadata.json,,
taxonomy_term,id,string,"The identifier for this taxonomy term. Each taxonomy term must have a unique identifier, within the scope of the dataset.",true,true,false,uuid,,,
taxonomy_term,code,string,The term identfier as used in the taxonomy. This and the taxonomy_id combined define the term.,true,false,false,,,,
taxonomy_term,name,string,The taxonomy term itself.,false,true,false,,,,
taxonomy_term,description,string,A free text description of the term.,false,true,false,,,,
taxonomy_term,parent_id,string,"If this is a child term in a hierarchical taxonomy, give the identifier of the parent category. For top-level categories, this is not required.",false,false,false,uuid,,,
taxonomy_term,taxonomy,string,"If this is an established taxonomy, a free text description of which taxonomy is in use. If possible, provide a URI.",false,false,false,,,,
taxonomy_term,taxonomy,,Taxonomies from which taxonomy terms are taken,,false,false,,,taxonomy.json,
taxonomy_term,language,string,"An ISO 639-1, ISO 639-2, or ISO 639-3 [language code](http://www.loc.gov/standards/iso639-2/php/code_list.php) to represent the language of the term. The three-letter codes from ISO 639-2 and ISO 639-3 provide greater accuracy when describing variants of languages, which may be relevant to particular communities.",false,false,false,,,,
taxonomy_term,taxonomy_id,string,The identifier of the taxonomy containing the term.,false,false,false,uuid,,,
taxonomy_term,term_uri,string,URI of the term.,false,false,false,uri,,,
taxonomy_term,metadata,array,A record of the changes that have been made to the data in order to maintain provenance information.,,false,false,,metadata.json,,
metadata,id,string,The identifier for this metadata. Each entry must have a unique identifier.,true,true,false,uuid,,,
metadata,resource_id,string,"The identifier of the resource (service, program, location, address, or contact) that this metadata describes.",false,false,true,uuid,,,
metadata,resource_type,string,The type of entity being referenced.,false,false,true,,,,
metadata,last_action_date,string,The date when data was changed.,false,true,false,,,,
metadata,last_action_type,string,The kind of change made to the data.,false,true,false,,,,
metadata,field_name,string,The name of field that has been modified.,false,true,false,,,,
metadata,previous_value,string,The previous value of the field that has been modified.,false,true,false,,,,
metadata,replacement_value,string,The new value of the field that has been modified.,false,true,false,,,,
metadata,updated_by,string,The name of the person who modified the field.,false,true,false,,,,
meta_table_description,id,string,The identifier for the metadata description. Each entry must have a unique identifier.,true,true,false,uuid,,,
meta_table_description,name,string,The name for the metadata description.,false,false,false,,,,
meta_table_description,language,string,The ISO 639-1 or ISO 639-3 code for the language of the metadata description.,false,false,false,,,,
meta_table_description,character_set,string,The character set of the metadata description.,false,false,false,,,,
meta_table_description,attributes,array,A link between a service and one or more classifications that describe the nature of the service provided.,,false,false,,attribute.json,,
meta_table_description,metadata,array,A record of the changes that have been made to the data in order to maintain provenance information.,,false,false,,metadata.json,,
cost_option,id,string,The identifier for the cost option. Each entry must have a unique identifier,true,true,false,uuid,,,
cost_option,service_id,string,The identifier of the services for which the entry describes the cost.,false,false,true,uuid,,,
cost_option,valid_from,string,The date when this price is valid from.,false,false,false,,,,
cost_option,valid_to,string,The date when this price is valid to.,false,false,false,,,,
cost_option,option,string,Conditions associated with the cost option.,false,false,false,,,,
cost_option,currency,string,The 3 letter currency code of this cost option (expected to be gbp by Open Referral UK).,false,false,false,,,,
cost_option,amount,number,"The cost of the option, expressed as an amount.",false,false,false,,,,
cost_option,amount_description,string,Specific details qualifying the cost amount.,false,false,false,,,,
cost_option,attributes,array,A link between a service and one or more classifications that describe the nature of the service provided.,,false,false,,attribute.json,,
cost_option,metadata,array,A record of the changes that have been made to the data in order to maintain provenance information.,,false,false,,metadata.json,,
organization_identifier,id,string,The identifier for this organization identifier entry. Each entry must have a unique identifier.,true,true,false,uuid,,,
organization_identifier,organization_id,string,The identifier of the organization. This should match the uuid of an organization object.,false,false,true,uuid,,,
organization_identifier,identifier_scheme,string,"The scheme of the third party identifier, according to http://org-id.guide/.",false,false,false,,,,
organization_identifier,identifier_type,string,A human-readable equivalent of the identifier_scheme. This may be used in cases where org-id.guide does not list an appropriate identifier scheme.,false,true,false,,,,
organization_identifier,identifier,string,The third-party identifier value.,false,true,false,,,,
organization_identifier,attributes,array,A link between a service and one or more classifications that describe the nature of the service provided.,,false,false,,attribute.json,,
organization_identifier,metadata,array,A record of the changes that have been made to the data in order to maintain provenance information.,,false,false,,metadata.json,,
taxonomy,id,string,The identifier of the taxonomy. Each entry must have a unique identifier,true,true,false,uuid,,,
taxonomy,name,string,The name of the taxonomy from which terms are sourced.,false,true,false,,,,
taxonomy,description,string,A free text description of the taxonomy.,false,true,false,,,,
taxonomy,uri,string,The URI of the taxonomy.,false,false,false,uri,,,
taxonomy,version,string,The version of the taxonomy.,false,false,false,,,,
taxonomy,metadata,array,A record of the changes that have been made to the data in order to maintain provenance information.,,false,false,,metadata.json,,
service_capacity,id,string,The identifier for the service_capacity object. Each service_capacity must have a unique identifier.,true,true,false,uuid,,,
service_capacity,service_id,string,The identifier for the Service object associated with this service capacity object. Only required in the tabular representation.,false,false,true,uuid,,,
service_capacity,,,,,true,false,,,unit.json,
service_capacity,unit_id,string,The identifier for the unit object.,false,false,true,uuid,,,
service_capacity,available,number,The number of units available as of the last update.,false,true,false,,,,
service_capacity,maximum,number,"The maximum number of units that can be available for this service, if applicable",false,false,false,,,,
service_capacity,description,string,A Human-Friendly description of this service capacity e.g. “Beds available for people experiencing homelessness”,false,false,false,,,,
service_capacity,updated,string,The datetime when this service_capacit y object was last updated or changed. Should have millisecond accuracy. ,false,true,false,date-time,,,
service_capacity,attributes,array,A link between a service and one or more classifications that describe the nature of the service provided.,,false,false,,attribute.json,,
service_capacity,metadata,array,A record of the changes that have been made to the data in order to maintain provenance information.,,false,false,,metadata.json,,
unit,id,string,The identifier for the unit object. Each unit must have a unique identifier.,true,true,false,uuid,,,
unit,name,string,The human-readable name for this unit e.g. “Bed” or “Hours”,false,true,false,,,,
unit,scheme,string,"The scheme which formalizes the unit, if applicable e.g. “SI” for Standard International Units such as Kilogram, Litre, etc.",false,false,false,,,,
unit,identifier,string,The identifier of the unit taken from the scheme if applicable e.g. `kgm` for Kilogram.,false,false,false,,,,
unit,uri,string,"The URI to the definition of the unit, if applicable",false,false,false,uri,,,
unit,attributes,array,A link between a service and one or more classifications that describe the nature of the service provided.,,false,false,,attribute.json,,
unit,metadata,array,A record of the changes that have been made to the data in order to maintain provenance information.,,false,false,,metadata.json,,
url,id,string,The identifier for the URL object. Each URL must have a unique identifier.,true,true,false,uuid,,,
url,label,string,The human-readable label for this url e.g. “Twitter” or “Website”.,false,false,false,,,,
url,url,string,The URL for this URL object. This must be formatted as a valid URI.,false,true,false,uri,,,
url,organization_id,string,The identifier for the organization associated with this URL object,false,false,false,uuid,,,
url,service_id,string,The identifier for the service associated with this URL object,false,false,false,uuid,,,
url,attributes,array,A link between a service and one or more classifications that describe the nature of the service provided.,,false,false,,attribute.json,,
url,metadata,array,A record of the changes that have been made to the data in order to maintain provenance information.,,false,false,,metadata.json,,

