location_id,organization_id,contact_name,contact_title
"Lf8PJ9dQhHUmHNtNba8LxRfXo","o5KjUU75Odcv9uWG5NnWHP6cb","Susan Houston","Director of Older Adult Services"
"Lf8PJ9dQhHUmHNtNba8LxRfXo","o5KjUU75Odcv9uWG5NnWHP6cb"," Christina Gonzalez","Center Director"
"35aZ4TRqh3GHIpgHI59wqbsfc","o5KjUU75Odcv9uWG5NnWHP6cb","Brenda Brown","Director, Second Career Services"
"BLzYdkzds1v7cQU69tZrtKfy4","o5KjUU75Odcv9uWG5NnWHP6cb","Howard Lader, LCSW","Manager, Senior Peer Counseling"
"FjGHwR93Db14eU8z8trvGEoeo","o5KjUU75Odcv9uWG5NnWHP6cb","Kimberly Pesavento","Director of Visitation"
"P3ZefNwqhjKGW9zYyVsd4wSdv","o5KjUU75Odcv9uWG5NnWHP6cb","Joe Bloom","Financial Empowerment Programs Program Director"
"AQquzksfvVOzZzQPyyk4tzCMW","bUlLaM5dgd0R32SCVauqFNYST","Peter Olson","Little House Director"
"AQquzksfvVOzZzQPyyk4tzCMW","bUlLaM5dgd0R32SCVauqFNYST"," Bart Charlow","Executive Director, Peninsula Volunteers"
"4ogorcxOlqnY5FTTbejAEohmZ","bUlLaM5dgd0R32SCVauqFNYST","Bart Charlow","Executive Director, Peninsula Volunteers"
"4ogorcxOlqnY5FTTbejAEohmZ","bUlLaM5dgd0R32SCVauqFNYST"," Barbara Kalt","Director"
"F8XEOnScPvoOw28tlkIksQRWk","bUlLaM5dgd0R32SCVauqFNYST","Marilyn Baker-Venturini","Director"
"F8XEOnScPvoOw28tlkIksQRWk","bUlLaM5dgd0R32SCVauqFNYST"," Graciela Hernandez","Assistant Manager"
"F8XEOnScPvoOw28tlkIksQRWk","bUlLaM5dgd0R32SCVauqFNYST"," Julie Avelino","Assessment Specialist"
"bXvSRTVqYpubpsqF5grU1MEbW","uQGM9xK9waKG5xnC3wE1NhmO6","Dave Genesy","Library Director"
"bXvSRTVqYpubpsqF5grU1MEbW","uQGM9xK9waKG5xnC3wE1NhmO6"," Maria Kramer","Library Divisions Manager"
"nDAlsrawVULWR1vhkKIkwZijs","uQGM9xK9waKG5xnC3wE1NhmO6","Dave Genesy","Library Director"
"nDAlsrawVULWR1vhkKIkwZijs","uQGM9xK9waKG5xnC3wE1NhmO6"," Maria Kramer","Library Division Manager"
"r0pfe5vyth869bFxcqz1CIB7w","uQGM9xK9waKG5xnC3wE1NhmO6","Dave Genesy","Library Director"
"r0pfe5vyth869bFxcqz1CIB7w","uQGM9xK9waKG5xnC3wE1NhmO6"," Elizabeth Meeks","Branch Manager"
"EKOCa7a6wpcozEcfygw7mclbK","uQGM9xK9waKG5xnC3wE1NhmO6","Kathy Endaya","Director"
"tp7NdNScEYQd0Hex5jT61IRxA","uQGM9xK9waKG5xnC3wE1NhmO6","Dave Genesy","Library Director"
"lIozhzFDigikZGAJ11zLX9PNC","9DSK0Sqtu67eYh46MFq9sIsMV","Andres Espinoza","Captain, Commanding Officer"
"Kr7pM0aUYZphdACgE9DGgLqIi","9DSK0Sqtu67eYh46MFq9sIsMV","Jack Phillips","Administrator"
"mOHscXCyAcj4s8MVyaOyP9H6p","9DSK0Sqtu67eYh46MFq9sIsMV","James Lee","Commanding Officer"
"55FIeVtGwfylxpQ1MLmpvGVqE","9DSK0Sqtu67eYh46MFq9sIsMV","Kenneth Gibson","Major"
"OkD9SQLaGfPdTErYXhvCfN1Yx","NNvjXszsAzytGIjNEO4TfZId2","Sharon Petersen","Administrator"
"xxCxI4War0gabyCKqEi0qD4vg","NNvjXszsAzytGIjNEO4TfZId2","Sharon Petersen","Administrator"
"uOw0Jt3hPpggnSaFkHR9KhNS6","Lyu6UZX5XWh5w5t8eZR0WsMvi","Moncef","Director"
