id,service_id,location_id,description
d254626c-6858-46ad-850a-6e1c53ea463a,c89eb05c-62dd-4b64-b494-0cc347b6ea7f,30b83c60-64a1-11e6-8b77-86f30ca893d3,
a6e824f6-aac4-4472-ae24-a27c0253ede3,25870bcf-7528-4e05-8f0c-7e639075ce71,30b83ee0-64a1-11e6-8b77-86f30ca893d3,
6b524072-5768-4a92-b0fd-fa87a77311b2,10cbc6ce-0ae5-467f-8069-18e90ec5b037,30b83fee-64a1-11e6-8b77-86f30ca893d3,
e7361647-5350-4d6a-aecb-504f9c4a8577,a27a0710-72d2-41a2-8947-9d0e0e69e257,30b83fee-64a1-11e6-8b77-86f30ca893d3,
dad28eee-00f9-4dac-b891-d7ba85035928,c28f4d9f-10b2-4baf-a727-a31ae79063ce,30b841d8-64a1-11e6-8b77-86f30ca893d3,
0e071442-ad00-422c-ad6c-ef9d24a2d1da,373c9b87-8606-49c7-8082-02120ddc04e4,30b842c8-64a1-11e6-8b77-86f30ca893d3,
1c183dc2-8548-44da-bd73-c36294ff54e2,2fcd70db-add2-43b5-ba3b-98f82c3c3147,30b843a4-64a1-11e6-8b77-86f30ca893d3,
4f78169d-dc61-4dc3-a335-d7de00b7e646,25f6e86d-ba99-4819-b6f4-2f23dbe38806,30b84570-64a1-11e6-8b77-86f30ca893d3,
97e58efe-1fef-428c-a6bc-eecfcf083f44,9619ea6e-baa8-4b9a-9665-ca2a07cdd7b6,30b8475a-64a1-11e6-8b77-86f30ca893d3,
8d440213-9e82-449f-85fa-44afaf1b0134,756b5a9d-7d65-4063-b5f2-d08ccf01c55e,30b8482c-64a1-11e6-8b77-86f30ca893d3,
1e4d5a88-5cb2-4240-bfa6-799d94d5e391,62e95523-07b9-4d1b-9bcf-6cea6e2be5d8,30b84a0c-64a1-11e6-8b77-86f30ca893d3,
6d42bcb1-bc23-4b06-873d-857aafc4e3e9,008b6436-5ac2-4c19-ac4d-d640fbec7818,30b84a0c-64a1-11e6-8b77-86f30ca893d3,
c54183ce-b165-4e4a-9ace-57221ccc13da,21a1192b-abb9-45e8-bc52-c81ca4087240,30b84a0c-64a1-11e6-8b77-86f30ca893d3,
